filename,label
00_000.jpg,n01532829
00_001.jpg,n01532829
00_002.jpg,n01532829
00_003.jpg,n01532829
00_004.jpg,n01532829
00_005.jpg,n01532829
00_006.jpg,n01532829
00_007.jpg,n01532829
00_008.jpg,n01532829
00_009.jpg,n01532829
00_010.jpg,n01532829
00_011.jpg,n01532829
00_012.jpg,n01532829
00_013.jpg,n01532829
00_014.jpg,n01532829
00_015.jpg,n01532829
00_016.jpg,n01532829
00_017.jpg,n01532829
00_018.jpg,n01532829
00_019.jpg,n01532829
00_020.jpg,n01532829
00_021.jpg,n01532829
00_022.jpg,n01532829
00_023.jpg,n01532829
00_024.jpg,n01532829
01_000.jpg,n01558993
01_001.jpg,n01558993
01_002.jpg,n01558993
01_003.jpg,n01558993
01_004.jpg,n01558993
01_005.jpg,n01558993
01_006.jpg,n01558993
01_007.jpg,n01558993
01_008.jpg,n01558993
01_009.jpg,n01558993
01_010.jpg,n01558993
01_011.jpg,n01558993
01_012.jpg,n01558993
01_013.jpg,n01558993
01_014.jpg,n01558993
01_015.jpg,n01558993
01_016.jpg,n01558993
01_017.jpg,n01558993
01_018.jpg,n01558993
01_019.jpg,n01558993
01_020.jpg,n01558993
01_021.jpg,n01558993
01_022.jpg,n01558993
01_023.jpg,n01558993
01_024.jpg,n01558993
02_000.jpg,n01704323
02_001.jpg,n01704323
02_002.jpg,n01704323
02_003.jpg,n01704323
02_004.jpg,n01704323
02_005.jpg,n01704323
02_006.jpg,n01704323
02_007.jpg,n01704323
02_008.jpg,n01704323
02_009.jpg,n01704323
02_010.jpg,n01704323
02_011.jpg,n01704323
02_012.jpg,n01704323
02_013.jpg,n01704323
02_014.jpg,n01704323
02_015.jpg,n01704323
02_016.jpg,n01704323
02_017.jpg,n01704323
02_018.jpg,n01704323
02_019.jpg,n01704323
02_020.jpg,n01704323
02_021.jpg,n01704323
02_022.jpg,n01704323
02_023.jpg,n01704323
02_024.jpg,n01704323
03_000.jpg,n01749939
03_001.jpg,n01749939
03_002.jpg,n01749939
03_003.jpg,n01749939
03_004.jpg,n01749939
03_005.jpg,n01749939
03_006.jpg,n01749939
03_007.jpg,n01749939
03_008.jpg,n01749939
03_009.jpg,n01749939
03_010.jpg,n01749939
03_011.jpg,n01749939
03_012.jpg,n01749939
03_013.jpg,n01749939
03_014.jpg,n01749939
03_015.jpg,n01749939
03_016.jpg,n01749939
03_017.jpg,n01749939
03_018.jpg,n01749939
03_019.jpg,n01749939
03_020.jpg,n01749939
03_021.jpg,n01749939
03_022.jpg,n01749939
03_023.jpg,n01749939
03_024.jpg,n01749939
04_000.jpg,n01770081
04_001.jpg,n01770081
04_002.jpg,n01770081
04_003.jpg,n01770081
04_004.jpg,n01770081
04_005.jpg,n01770081
04_006.jpg,n01770081
04_007.jpg,n01770081
04_008.jpg,n01770081
04_009.jpg,n01770081
04_010.jpg,n01770081
04_011.jpg,n01770081
04_012.jpg,n01770081
04_013.jpg,n01770081
04_014.jpg,n01770081
04_015.jpg,n01770081
04_016.jpg,n01770081
04_017.jpg,n01770081
04_018.jpg,n01770081
04_019.jpg,n01770081
04_020.jpg,n01770081
04_021.jpg,n01770081
04_022.jpg,n01770081
04_023.jpg,n01770081
04_024.jpg,n01770081
05_000.jpg,n01843383
05_001.jpg,n01843383
05_002.jpg,n01843383
05_003.jpg,n01843383
05_004.jpg,n01843383
05_005.jpg,n01843383
05_006.jpg,n01843383
05_007.jpg,n01843383
05_008.jpg,n01843383
05_009.jpg,n01843383
05_010.jpg,n01843383
05_011.jpg,n01843383
05_012.jpg,n01843383
05_013.jpg,n01843383
05_014.jpg,n01843383
05_015.jpg,n01843383
05_016.jpg,n01843383
05_017.jpg,n01843383
05_018.jpg,n01843383
05_019.jpg,n01843383
05_020.jpg,n01843383
05_021.jpg,n01843383
05_022.jpg,n01843383
05_023.jpg,n01843383
05_024.jpg,n01843383
06_000.jpg,n01910747
06_001.jpg,n01910747
06_002.jpg,n01910747
06_003.jpg,n01910747
06_004.jpg,n01910747
06_005.jpg,n01910747
06_006.jpg,n01910747
06_007.jpg,n01910747
06_008.jpg,n01910747
06_009.jpg,n01910747
06_010.jpg,n01910747
06_011.jpg,n01910747
06_012.jpg,n01910747
06_013.jpg,n01910747
06_014.jpg,n01910747
06_015.jpg,n01910747
06_016.jpg,n01910747
06_017.jpg,n01910747
06_018.jpg,n01910747
06_019.jpg,n01910747
06_020.jpg,n01910747
06_021.jpg,n01910747
06_022.jpg,n01910747
06_023.jpg,n01910747
06_024.jpg,n01910747
07_000.jpg,n02074367
07_001.jpg,n02074367
07_002.jpg,n02074367
07_003.jpg,n02074367
07_004.jpg,n02074367
07_005.jpg,n02074367
07_006.jpg,n02074367
07_007.jpg,n02074367
07_008.jpg,n02074367
07_009.jpg,n02074367
07_010.jpg,n02074367
07_011.jpg,n02074367
07_012.jpg,n02074367
07_013.jpg,n02074367
07_014.jpg,n02074367
07_015.jpg,n02074367
07_016.jpg,n02074367
07_017.jpg,n02074367
07_018.jpg,n02074367
07_019.jpg,n02074367
07_020.jpg,n02074367
07_021.jpg,n02074367
07_022.jpg,n02074367
07_023.jpg,n02074367
07_024.jpg,n02074367
08_000.jpg,n02089867
08_001.jpg,n02089867
08_002.jpg,n02089867
08_003.jpg,n02089867
08_004.jpg,n02089867
08_005.jpg,n02089867
08_006.jpg,n02089867
08_007.jpg,n02089867
08_008.jpg,n02089867
08_009.jpg,n02089867
08_010.jpg,n02089867
08_011.jpg,n02089867
08_012.jpg,n02089867
08_013.jpg,n02089867
08_014.jpg,n02089867
08_015.jpg,n02089867
08_016.jpg,n02089867
08_017.jpg,n02089867
08_018.jpg,n02089867
08_019.jpg,n02089867
08_020.jpg,n02089867
08_021.jpg,n02089867
08_022.jpg,n02089867
08_023.jpg,n02089867
08_024.jpg,n02089867
09_000.jpg,n02091831
09_001.jpg,n02091831
09_002.jpg,n02091831
09_003.jpg,n02091831
09_004.jpg,n02091831
09_005.jpg,n02091831
09_006.jpg,n02091831
09_007.jpg,n02091831
09_008.jpg,n02091831
09_009.jpg,n02091831
09_010.jpg,n02091831
09_011.jpg,n02091831
09_012.jpg,n02091831
09_013.jpg,n02091831
09_014.jpg,n02091831
09_015.jpg,n02091831
09_016.jpg,n02091831
09_017.jpg,n02091831
09_018.jpg,n02091831
09_019.jpg,n02091831
09_020.jpg,n02091831
09_021.jpg,n02091831
09_022.jpg,n02091831
09_023.jpg,n02091831
09_024.jpg,n02091831
10_000.jpg,n02101006
10_001.jpg,n02101006
10_002.jpg,n02101006
10_003.jpg,n02101006
10_004.jpg,n02101006
10_005.jpg,n02101006
10_006.jpg,n02101006
10_007.jpg,n02101006
10_008.jpg,n02101006
10_009.jpg,n02101006
10_010.jpg,n02101006
10_011.jpg,n02101006
10_012.jpg,n02101006
10_013.jpg,n02101006
10_014.jpg,n02101006
10_015.jpg,n02101006
10_016.jpg,n02101006
10_017.jpg,n02101006
10_018.jpg,n02101006
10_019.jpg,n02101006
10_020.jpg,n02101006
10_021.jpg,n02101006
10_022.jpg,n02101006
10_023.jpg,n02101006
10_024.jpg,n02101006
11_000.jpg,n02105505
11_001.jpg,n02105505
11_002.jpg,n02105505
11_003.jpg,n02105505
11_004.jpg,n02105505
11_005.jpg,n02105505
11_006.jpg,n02105505
11_007.jpg,n02105505
11_008.jpg,n02105505
11_009.jpg,n02105505
11_010.jpg,n02105505
11_011.jpg,n02105505
11_012.jpg,n02105505
11_013.jpg,n02105505
11_014.jpg,n02105505
11_015.jpg,n02105505
11_016.jpg,n02105505
11_017.jpg,n02105505
11_018.jpg,n02105505
11_019.jpg,n02105505
11_020.jpg,n02105505
11_021.jpg,n02105505
11_022.jpg,n02105505
11_023.jpg,n02105505
11_024.jpg,n02105505
12_000.jpg,n02108089
12_001.jpg,n02108089
12_002.jpg,n02108089
12_003.jpg,n02108089
12_004.jpg,n02108089
12_005.jpg,n02108089
12_006.jpg,n02108089
12_007.jpg,n02108089
12_008.jpg,n02108089
12_009.jpg,n02108089
12_010.jpg,n02108089
12_011.jpg,n02108089
12_012.jpg,n02108089
12_013.jpg,n02108089
12_014.jpg,n02108089
12_015.jpg,n02108089
12_016.jpg,n02108089
12_017.jpg,n02108089
12_018.jpg,n02108089
12_019.jpg,n02108089
12_020.jpg,n02108089
12_021.jpg,n02108089
12_022.jpg,n02108089
12_023.jpg,n02108089
12_024.jpg,n02108089
13_000.jpg,n02108551
13_001.jpg,n02108551
13_002.jpg,n02108551
13_003.jpg,n02108551
13_004.jpg,n02108551
13_005.jpg,n02108551
13_006.jpg,n02108551
13_007.jpg,n02108551
13_008.jpg,n02108551
13_009.jpg,n02108551
13_010.jpg,n02108551
13_011.jpg,n02108551
13_012.jpg,n02108551
13_013.jpg,n02108551
13_014.jpg,n02108551
13_015.jpg,n02108551
13_016.jpg,n02108551
13_017.jpg,n02108551
13_018.jpg,n02108551
13_019.jpg,n02108551
13_020.jpg,n02108551
13_021.jpg,n02108551
13_022.jpg,n02108551
13_023.jpg,n02108551
13_024.jpg,n02108551
14_000.jpg,n02108915
14_001.jpg,n02108915
14_002.jpg,n02108915
14_003.jpg,n02108915
14_004.jpg,n02108915
14_005.jpg,n02108915
14_006.jpg,n02108915
14_007.jpg,n02108915
14_008.jpg,n02108915
14_009.jpg,n02108915
14_010.jpg,n02108915
14_011.jpg,n02108915
14_012.jpg,n02108915
14_013.jpg,n02108915
14_014.jpg,n02108915
14_015.jpg,n02108915
14_016.jpg,n02108915
14_017.jpg,n02108915
14_018.jpg,n02108915
14_019.jpg,n02108915
14_020.jpg,n02108915
14_021.jpg,n02108915
14_022.jpg,n02108915
14_023.jpg,n02108915
14_024.jpg,n02108915
15_000.jpg,n02111277
15_001.jpg,n02111277
15_002.jpg,n02111277
15_003.jpg,n02111277
15_004.jpg,n02111277
15_005.jpg,n02111277
15_006.jpg,n02111277
15_007.jpg,n02111277
15_008.jpg,n02111277
15_009.jpg,n02111277
15_010.jpg,n02111277
15_011.jpg,n02111277
15_012.jpg,n02111277
15_013.jpg,n02111277
15_014.jpg,n02111277
15_015.jpg,n02111277
15_016.jpg,n02111277
15_017.jpg,n02111277
15_018.jpg,n02111277
15_019.jpg,n02111277
15_020.jpg,n02111277
15_021.jpg,n02111277
15_022.jpg,n02111277
15_023.jpg,n02111277
15_024.jpg,n02111277
16_000.jpg,n02113712
16_001.jpg,n02113712
16_002.jpg,n02113712
16_003.jpg,n02113712
16_004.jpg,n02113712
16_005.jpg,n02113712
16_006.jpg,n02113712
16_007.jpg,n02113712
16_008.jpg,n02113712
16_009.jpg,n02113712
16_010.jpg,n02113712
16_011.jpg,n02113712
16_012.jpg,n02113712
16_013.jpg,n02113712
16_014.jpg,n02113712
16_015.jpg,n02113712
16_016.jpg,n02113712
16_017.jpg,n02113712
16_018.jpg,n02113712
16_019.jpg,n02113712
16_020.jpg,n02113712
16_021.jpg,n02113712
16_022.jpg,n02113712
16_023.jpg,n02113712
16_024.jpg,n02113712
17_000.jpg,n02120079
17_001.jpg,n02120079
17_002.jpg,n02120079
17_003.jpg,n02120079
17_004.jpg,n02120079
17_005.jpg,n02120079
17_006.jpg,n02120079
17_007.jpg,n02120079
17_008.jpg,n02120079
17_009.jpg,n02120079
17_010.jpg,n02120079
17_011.jpg,n02120079
17_012.jpg,n02120079
17_013.jpg,n02120079
17_014.jpg,n02120079
17_015.jpg,n02120079
17_016.jpg,n02120079
17_017.jpg,n02120079
17_018.jpg,n02120079
17_019.jpg,n02120079
17_020.jpg,n02120079
17_021.jpg,n02120079
17_022.jpg,n02120079
17_023.jpg,n02120079
17_024.jpg,n02120079
18_000.jpg,n02165456
18_001.jpg,n02165456
18_002.jpg,n02165456
18_003.jpg,n02165456
18_004.jpg,n02165456
18_005.jpg,n02165456
18_006.jpg,n02165456
18_007.jpg,n02165456
18_008.jpg,n02165456
18_009.jpg,n02165456
18_010.jpg,n02165456
18_011.jpg,n02165456
18_012.jpg,n02165456
18_013.jpg,n02165456
18_014.jpg,n02165456
18_015.jpg,n02165456
18_016.jpg,n02165456
18_017.jpg,n02165456
18_018.jpg,n02165456
18_019.jpg,n02165456
18_020.jpg,n02165456
18_021.jpg,n02165456
18_022.jpg,n02165456
18_023.jpg,n02165456
18_024.jpg,n02165456
19_000.jpg,n02457408
19_001.jpg,n02457408
19_002.jpg,n02457408
19_003.jpg,n02457408
19_004.jpg,n02457408
19_005.jpg,n02457408
19_006.jpg,n02457408
19_007.jpg,n02457408
19_008.jpg,n02457408
19_009.jpg,n02457408
19_010.jpg,n02457408
19_011.jpg,n02457408
19_012.jpg,n02457408
19_013.jpg,n02457408
19_014.jpg,n02457408
19_015.jpg,n02457408
19_016.jpg,n02457408
19_017.jpg,n02457408
19_018.jpg,n02457408
19_019.jpg,n02457408
19_020.jpg,n02457408
19_021.jpg,n02457408
19_022.jpg,n02457408
19_023.jpg,n02457408
19_024.jpg,n02457408
20_000.jpg,n02606052
20_001.jpg,n02606052
20_002.jpg,n02606052
20_003.jpg,n02606052
20_004.jpg,n02606052
20_005.jpg,n02606052
20_006.jpg,n02606052
20_007.jpg,n02606052
20_008.jpg,n02606052
20_009.jpg,n02606052
20_010.jpg,n02606052
20_011.jpg,n02606052
20_012.jpg,n02606052
20_013.jpg,n02606052
20_014.jpg,n02606052
20_015.jpg,n02606052
20_016.jpg,n02606052
20_017.jpg,n02606052
20_018.jpg,n02606052
20_019.jpg,n02606052
20_020.jpg,n02606052
20_021.jpg,n02606052
20_022.jpg,n02606052
20_023.jpg,n02606052
20_024.jpg,n02606052
21_000.jpg,n02687172
21_001.jpg,n02687172
21_002.jpg,n02687172
21_003.jpg,n02687172
21_004.jpg,n02687172
21_005.jpg,n02687172
21_006.jpg,n02687172
21_007.jpg,n02687172
21_008.jpg,n02687172
21_009.jpg,n02687172
21_010.jpg,n02687172
21_011.jpg,n02687172
21_012.jpg,n02687172
21_013.jpg,n02687172
21_014.jpg,n02687172
21_015.jpg,n02687172
21_016.jpg,n02687172
21_017.jpg,n02687172
21_018.jpg,n02687172
21_019.jpg,n02687172
21_020.jpg,n02687172
21_021.jpg,n02687172
21_022.jpg,n02687172
21_023.jpg,n02687172
21_024.jpg,n02687172
22_000.jpg,n02747177
22_001.jpg,n02747177
22_002.jpg,n02747177
22_003.jpg,n02747177
22_004.jpg,n02747177
22_005.jpg,n02747177
22_006.jpg,n02747177
22_007.jpg,n02747177
22_008.jpg,n02747177
22_009.jpg,n02747177
22_010.jpg,n02747177
22_011.jpg,n02747177
22_012.jpg,n02747177
22_013.jpg,n02747177
22_014.jpg,n02747177
22_015.jpg,n02747177
22_016.jpg,n02747177
22_017.jpg,n02747177
22_018.jpg,n02747177
22_019.jpg,n02747177
22_020.jpg,n02747177
22_021.jpg,n02747177
22_022.jpg,n02747177
22_023.jpg,n02747177
22_024.jpg,n02747177
23_000.jpg,n02795169
23_001.jpg,n02795169
23_002.jpg,n02795169
23_003.jpg,n02795169
23_004.jpg,n02795169
23_005.jpg,n02795169
23_006.jpg,n02795169
23_007.jpg,n02795169
23_008.jpg,n02795169
23_009.jpg,n02795169
23_010.jpg,n02795169
23_011.jpg,n02795169
23_012.jpg,n02795169
23_013.jpg,n02795169
23_014.jpg,n02795169
23_015.jpg,n02795169
23_016.jpg,n02795169
23_017.jpg,n02795169
23_018.jpg,n02795169
23_019.jpg,n02795169
23_020.jpg,n02795169
23_021.jpg,n02795169
23_022.jpg,n02795169
23_023.jpg,n02795169
23_024.jpg,n02795169
24_000.jpg,n02823428
24_001.jpg,n02823428
24_002.jpg,n02823428
24_003.jpg,n02823428
24_004.jpg,n02823428
24_005.jpg,n02823428
24_006.jpg,n02823428
24_007.jpg,n02823428
24_008.jpg,n02823428
24_009.jpg,n02823428
24_010.jpg,n02823428
24_011.jpg,n02823428
24_012.jpg,n02823428
24_013.jpg,n02823428
24_014.jpg,n02823428
24_015.jpg,n02823428
24_016.jpg,n02823428
24_017.jpg,n02823428
24_018.jpg,n02823428
24_019.jpg,n02823428
24_020.jpg,n02823428
24_021.jpg,n02823428
24_022.jpg,n02823428
24_023.jpg,n02823428
24_024.jpg,n02823428
25_000.jpg,n02966193
25_001.jpg,n02966193
25_002.jpg,n02966193
25_003.jpg,n02966193
25_004.jpg,n02966193
25_005.jpg,n02966193
25_006.jpg,n02966193
25_007.jpg,n02966193
25_008.jpg,n02966193
25_009.jpg,n02966193
25_010.jpg,n02966193
25_011.jpg,n02966193
25_012.jpg,n02966193
25_013.jpg,n02966193
25_014.jpg,n02966193
25_015.jpg,n02966193
25_016.jpg,n02966193
25_017.jpg,n02966193
25_018.jpg,n02966193
25_019.jpg,n02966193
25_020.jpg,n02966193
25_021.jpg,n02966193
25_022.jpg,n02966193
25_023.jpg,n02966193
25_024.jpg,n02966193
26_000.jpg,n03017168
26_001.jpg,n03017168
26_002.jpg,n03017168
26_003.jpg,n03017168
26_004.jpg,n03017168
26_005.jpg,n03017168
26_006.jpg,n03017168
26_007.jpg,n03017168
26_008.jpg,n03017168
26_009.jpg,n03017168
26_010.jpg,n03017168
26_011.jpg,n03017168
26_012.jpg,n03017168
26_013.jpg,n03017168
26_014.jpg,n03017168
26_015.jpg,n03017168
26_016.jpg,n03017168
26_017.jpg,n03017168
26_018.jpg,n03017168
26_019.jpg,n03017168
26_020.jpg,n03017168
26_021.jpg,n03017168
26_022.jpg,n03017168
26_023.jpg,n03017168
26_024.jpg,n03017168
27_000.jpg,n03047690
27_001.jpg,n03047690
27_002.jpg,n03047690
27_003.jpg,n03047690
27_004.jpg,n03047690
27_005.jpg,n03047690
27_006.jpg,n03047690
27_007.jpg,n03047690
27_008.jpg,n03047690
27_009.jpg,n03047690
27_010.jpg,n03047690
27_011.jpg,n03047690
27_012.jpg,n03047690
27_013.jpg,n03047690
27_014.jpg,n03047690
27_015.jpg,n03047690
27_016.jpg,n03047690
27_017.jpg,n03047690
27_018.jpg,n03047690
27_019.jpg,n03047690
27_020.jpg,n03047690
27_021.jpg,n03047690
27_022.jpg,n03047690
27_023.jpg,n03047690
27_024.jpg,n03047690
28_000.jpg,n03062245
28_001.jpg,n03062245
28_002.jpg,n03062245
28_003.jpg,n03062245
28_004.jpg,n03062245
28_005.jpg,n03062245
28_006.jpg,n03062245
28_007.jpg,n03062245
28_008.jpg,n03062245
28_009.jpg,n03062245
28_010.jpg,n03062245
28_011.jpg,n03062245
28_012.jpg,n03062245
28_013.jpg,n03062245
28_014.jpg,n03062245
28_015.jpg,n03062245
28_016.jpg,n03062245
28_017.jpg,n03062245
28_018.jpg,n03062245
28_019.jpg,n03062245
28_020.jpg,n03062245
28_021.jpg,n03062245
28_022.jpg,n03062245
28_023.jpg,n03062245
28_024.jpg,n03062245
29_000.jpg,n03207743
29_001.jpg,n03207743
29_002.jpg,n03207743
29_003.jpg,n03207743
29_004.jpg,n03207743
29_005.jpg,n03207743
29_006.jpg,n03207743
29_007.jpg,n03207743
29_008.jpg,n03207743
29_009.jpg,n03207743
29_010.jpg,n03207743
29_011.jpg,n03207743
29_012.jpg,n03207743
29_013.jpg,n03207743
29_014.jpg,n03207743
29_015.jpg,n03207743
29_016.jpg,n03207743
29_017.jpg,n03207743
29_018.jpg,n03207743
29_019.jpg,n03207743
29_020.jpg,n03207743
29_021.jpg,n03207743
29_022.jpg,n03207743
29_023.jpg,n03207743
29_024.jpg,n03207743
30_000.jpg,n03220513
30_001.jpg,n03220513
30_002.jpg,n03220513
30_003.jpg,n03220513
30_004.jpg,n03220513
30_005.jpg,n03220513
30_006.jpg,n03220513
30_007.jpg,n03220513
30_008.jpg,n03220513
30_009.jpg,n03220513
30_010.jpg,n03220513
30_011.jpg,n03220513
30_012.jpg,n03220513
30_013.jpg,n03220513
30_014.jpg,n03220513
30_015.jpg,n03220513
30_016.jpg,n03220513
30_017.jpg,n03220513
30_018.jpg,n03220513
30_019.jpg,n03220513
30_020.jpg,n03220513
30_021.jpg,n03220513
30_022.jpg,n03220513
30_023.jpg,n03220513
30_024.jpg,n03220513
31_000.jpg,n03337140
31_001.jpg,n03337140
31_002.jpg,n03337140
31_003.jpg,n03337140
31_004.jpg,n03337140
31_005.jpg,n03337140
31_006.jpg,n03337140
31_007.jpg,n03337140
31_008.jpg,n03337140
31_009.jpg,n03337140
31_010.jpg,n03337140
31_011.jpg,n03337140
31_012.jpg,n03337140
31_013.jpg,n03337140
31_014.jpg,n03337140
31_015.jpg,n03337140
31_016.jpg,n03337140
31_017.jpg,n03337140
31_018.jpg,n03337140
31_019.jpg,n03337140
31_020.jpg,n03337140
31_021.jpg,n03337140
31_022.jpg,n03337140
31_023.jpg,n03337140
31_024.jpg,n03337140
32_000.jpg,n03347037
32_001.jpg,n03347037
32_002.jpg,n03347037
32_003.jpg,n03347037
32_004.jpg,n03347037
32_005.jpg,n03347037
32_006.jpg,n03347037
32_007.jpg,n03347037
32_008.jpg,n03347037
32_009.jpg,n03347037
32_010.jpg,n03347037
32_011.jpg,n03347037
32_012.jpg,n03347037
32_013.jpg,n03347037
32_014.jpg,n03347037
32_015.jpg,n03347037
32_016.jpg,n03347037
32_017.jpg,n03347037
32_018.jpg,n03347037
32_019.jpg,n03347037
32_020.jpg,n03347037
32_021.jpg,n03347037
32_022.jpg,n03347037
32_023.jpg,n03347037
32_024.jpg,n03347037
33_000.jpg,n03400231
33_001.jpg,n03400231
33_002.jpg,n03400231
33_003.jpg,n03400231
33_004.jpg,n03400231
33_005.jpg,n03400231
33_006.jpg,n03400231
33_007.jpg,n03400231
33_008.jpg,n03400231
33_009.jpg,n03400231
33_010.jpg,n03400231
33_011.jpg,n03400231
33_012.jpg,n03400231
33_013.jpg,n03400231
33_014.jpg,n03400231
33_015.jpg,n03400231
33_016.jpg,n03400231
33_017.jpg,n03400231
33_018.jpg,n03400231
33_019.jpg,n03400231
33_020.jpg,n03400231
33_021.jpg,n03400231
33_022.jpg,n03400231
33_023.jpg,n03400231
33_024.jpg,n03400231
34_000.jpg,n03476684
34_001.jpg,n03476684
34_002.jpg,n03476684
34_003.jpg,n03476684
34_004.jpg,n03476684
34_005.jpg,n03476684
34_006.jpg,n03476684
34_007.jpg,n03476684
34_008.jpg,n03476684
34_009.jpg,n03476684
34_010.jpg,n03476684
34_011.jpg,n03476684
34_012.jpg,n03476684
34_013.jpg,n03476684
34_014.jpg,n03476684
34_015.jpg,n03476684
34_016.jpg,n03476684
34_017.jpg,n03476684
34_018.jpg,n03476684
34_019.jpg,n03476684
34_020.jpg,n03476684
34_021.jpg,n03476684
34_022.jpg,n03476684
34_023.jpg,n03476684
34_024.jpg,n03476684
35_000.jpg,n03527444
35_001.jpg,n03527444
35_002.jpg,n03527444
35_003.jpg,n03527444
35_004.jpg,n03527444
35_005.jpg,n03527444
35_006.jpg,n03527444
35_007.jpg,n03527444
35_008.jpg,n03527444
35_009.jpg,n03527444
35_010.jpg,n03527444
35_011.jpg,n03527444
35_012.jpg,n03527444
35_013.jpg,n03527444
35_014.jpg,n03527444
35_015.jpg,n03527444
35_016.jpg,n03527444
35_017.jpg,n03527444
35_018.jpg,n03527444
35_019.jpg,n03527444
35_020.jpg,n03527444
35_021.jpg,n03527444
35_022.jpg,n03527444
35_023.jpg,n03527444
35_024.jpg,n03527444
36_000.jpg,n03676483
36_001.jpg,n03676483
36_002.jpg,n03676483
36_003.jpg,n03676483
36_004.jpg,n03676483
36_005.jpg,n03676483
36_006.jpg,n03676483
36_007.jpg,n03676483
36_008.jpg,n03676483
36_009.jpg,n03676483
36_010.jpg,n03676483
36_011.jpg,n03676483
36_012.jpg,n03676483
36_013.jpg,n03676483
36_014.jpg,n03676483
36_015.jpg,n03676483
36_016.jpg,n03676483
36_017.jpg,n03676483
36_018.jpg,n03676483
36_019.jpg,n03676483
36_020.jpg,n03676483
36_021.jpg,n03676483
36_022.jpg,n03676483
36_023.jpg,n03676483
36_024.jpg,n03676483
37_000.jpg,n03838899
37_001.jpg,n03838899
37_002.jpg,n03838899
37_003.jpg,n03838899
37_004.jpg,n03838899
37_005.jpg,n03838899
37_006.jpg,n03838899
37_007.jpg,n03838899
37_008.jpg,n03838899
37_009.jpg,n03838899
37_010.jpg,n03838899
37_011.jpg,n03838899
37_012.jpg,n03838899
37_013.jpg,n03838899
37_014.jpg,n03838899
37_015.jpg,n03838899
37_016.jpg,n03838899
37_017.jpg,n03838899
37_018.jpg,n03838899
37_019.jpg,n03838899
37_020.jpg,n03838899
37_021.jpg,n03838899
37_022.jpg,n03838899
37_023.jpg,n03838899
37_024.jpg,n03838899
38_000.jpg,n03854065
38_001.jpg,n03854065
38_002.jpg,n03854065
38_003.jpg,n03854065
38_004.jpg,n03854065
38_005.jpg,n03854065
38_006.jpg,n03854065
38_007.jpg,n03854065
38_008.jpg,n03854065
38_009.jpg,n03854065
38_010.jpg,n03854065
38_011.jpg,n03854065
38_012.jpg,n03854065
38_013.jpg,n03854065
38_014.jpg,n03854065
38_015.jpg,n03854065
38_016.jpg,n03854065
38_017.jpg,n03854065
38_018.jpg,n03854065
38_019.jpg,n03854065
38_020.jpg,n03854065
38_021.jpg,n03854065
38_022.jpg,n03854065
38_023.jpg,n03854065
38_024.jpg,n03854065
39_000.jpg,n03888605
39_001.jpg,n03888605
39_002.jpg,n03888605
39_003.jpg,n03888605
39_004.jpg,n03888605
39_005.jpg,n03888605
39_006.jpg,n03888605
39_007.jpg,n03888605
39_008.jpg,n03888605
39_009.jpg,n03888605
39_010.jpg,n03888605
39_011.jpg,n03888605
39_012.jpg,n03888605
39_013.jpg,n03888605
39_014.jpg,n03888605
39_015.jpg,n03888605
39_016.jpg,n03888605
39_017.jpg,n03888605
39_018.jpg,n03888605
39_019.jpg,n03888605
39_020.jpg,n03888605
39_021.jpg,n03888605
39_022.jpg,n03888605
39_023.jpg,n03888605
39_024.jpg,n03888605
40_000.jpg,n03908618
40_001.jpg,n03908618
40_002.jpg,n03908618
40_003.jpg,n03908618
40_004.jpg,n03908618
40_005.jpg,n03908618
40_006.jpg,n03908618
40_007.jpg,n03908618
40_008.jpg,n03908618
40_009.jpg,n03908618
40_010.jpg,n03908618
40_011.jpg,n03908618
40_012.jpg,n03908618
40_013.jpg,n03908618
40_014.jpg,n03908618
40_015.jpg,n03908618
40_016.jpg,n03908618
40_017.jpg,n03908618
40_018.jpg,n03908618
40_019.jpg,n03908618
40_020.jpg,n03908618
40_021.jpg,n03908618
40_022.jpg,n03908618
40_023.jpg,n03908618
40_024.jpg,n03908618
41_000.jpg,n03924679
41_001.jpg,n03924679
41_002.jpg,n03924679
41_003.jpg,n03924679
41_004.jpg,n03924679
41_005.jpg,n03924679
41_006.jpg,n03924679
41_007.jpg,n03924679
41_008.jpg,n03924679
41_009.jpg,n03924679
41_010.jpg,n03924679
41_011.jpg,n03924679
41_012.jpg,n03924679
41_013.jpg,n03924679
41_014.jpg,n03924679
41_015.jpg,n03924679
41_016.jpg,n03924679
41_017.jpg,n03924679
41_018.jpg,n03924679
41_019.jpg,n03924679
41_020.jpg,n03924679
41_021.jpg,n03924679
41_022.jpg,n03924679
41_023.jpg,n03924679
41_024.jpg,n03924679
42_000.jpg,n03998194
42_001.jpg,n03998194
42_002.jpg,n03998194
42_003.jpg,n03998194
42_004.jpg,n03998194
42_005.jpg,n03998194
42_006.jpg,n03998194
42_007.jpg,n03998194
42_008.jpg,n03998194
42_009.jpg,n03998194
42_010.jpg,n03998194
42_011.jpg,n03998194
42_012.jpg,n03998194
42_013.jpg,n03998194
42_014.jpg,n03998194
42_015.jpg,n03998194
42_016.jpg,n03998194
42_017.jpg,n03998194
42_018.jpg,n03998194
42_019.jpg,n03998194
42_020.jpg,n03998194
42_021.jpg,n03998194
42_022.jpg,n03998194
42_023.jpg,n03998194
42_024.jpg,n03998194
43_000.jpg,n04067472
43_001.jpg,n04067472
43_002.jpg,n04067472
43_003.jpg,n04067472
43_004.jpg,n04067472
43_005.jpg,n04067472
43_006.jpg,n04067472
43_007.jpg,n04067472
43_008.jpg,n04067472
43_009.jpg,n04067472
43_010.jpg,n04067472
43_011.jpg,n04067472
43_012.jpg,n04067472
43_013.jpg,n04067472
43_014.jpg,n04067472
43_015.jpg,n04067472
43_016.jpg,n04067472
43_017.jpg,n04067472
43_018.jpg,n04067472
43_019.jpg,n04067472
43_020.jpg,n04067472
43_021.jpg,n04067472
43_022.jpg,n04067472
43_023.jpg,n04067472
43_024.jpg,n04067472
44_000.jpg,n04243546
44_001.jpg,n04243546
44_002.jpg,n04243546
44_003.jpg,n04243546
44_004.jpg,n04243546
44_005.jpg,n04243546
44_006.jpg,n04243546
44_007.jpg,n04243546
44_008.jpg,n04243546
44_009.jpg,n04243546
44_010.jpg,n04243546
44_011.jpg,n04243546
44_012.jpg,n04243546
44_013.jpg,n04243546
44_014.jpg,n04243546
44_015.jpg,n04243546
44_016.jpg,n04243546
44_017.jpg,n04243546
44_018.jpg,n04243546
44_019.jpg,n04243546
44_020.jpg,n04243546
44_021.jpg,n04243546
44_022.jpg,n04243546
44_023.jpg,n04243546
44_024.jpg,n04243546
45_000.jpg,n04251144
45_001.jpg,n04251144
45_002.jpg,n04251144
45_003.jpg,n04251144
45_004.jpg,n04251144
45_005.jpg,n04251144
45_006.jpg,n04251144
45_007.jpg,n04251144
45_008.jpg,n04251144
45_009.jpg,n04251144
45_010.jpg,n04251144
45_011.jpg,n04251144
45_012.jpg,n04251144
45_013.jpg,n04251144
45_014.jpg,n04251144
45_015.jpg,n04251144
45_016.jpg,n04251144
45_017.jpg,n04251144
45_018.jpg,n04251144
45_019.jpg,n04251144
45_020.jpg,n04251144
45_021.jpg,n04251144
45_022.jpg,n04251144
45_023.jpg,n04251144
45_024.jpg,n04251144
46_000.jpg,n04258138
46_001.jpg,n04258138
46_002.jpg,n04258138
46_003.jpg,n04258138
46_004.jpg,n04258138
46_005.jpg,n04258138
46_006.jpg,n04258138
46_007.jpg,n04258138
46_008.jpg,n04258138
46_009.jpg,n04258138
46_010.jpg,n04258138
46_011.jpg,n04258138
46_012.jpg,n04258138
46_013.jpg,n04258138
46_014.jpg,n04258138
46_015.jpg,n04258138
46_016.jpg,n04258138
46_017.jpg,n04258138
46_018.jpg,n04258138
46_019.jpg,n04258138
46_020.jpg,n04258138
46_021.jpg,n04258138
46_022.jpg,n04258138
46_023.jpg,n04258138
46_024.jpg,n04258138
47_000.jpg,n04275548
47_001.jpg,n04275548
47_002.jpg,n04275548
47_003.jpg,n04275548
47_004.jpg,n04275548
47_005.jpg,n04275548
47_006.jpg,n04275548
47_007.jpg,n04275548
47_008.jpg,n04275548
47_009.jpg,n04275548
47_010.jpg,n04275548
47_011.jpg,n04275548
47_012.jpg,n04275548
47_013.jpg,n04275548
47_014.jpg,n04275548
47_015.jpg,n04275548
47_016.jpg,n04275548
47_017.jpg,n04275548
47_018.jpg,n04275548
47_019.jpg,n04275548
47_020.jpg,n04275548
47_021.jpg,n04275548
47_022.jpg,n04275548
47_023.jpg,n04275548
47_024.jpg,n04275548
48_000.jpg,n04296562
48_001.jpg,n04296562
48_002.jpg,n04296562
48_003.jpg,n04296562
48_004.jpg,n04296562
48_005.jpg,n04296562
48_006.jpg,n04296562
48_007.jpg,n04296562
48_008.jpg,n04296562
48_009.jpg,n04296562
48_010.jpg,n04296562
48_011.jpg,n04296562
48_012.jpg,n04296562
48_013.jpg,n04296562
48_014.jpg,n04296562
48_015.jpg,n04296562
48_016.jpg,n04296562
48_017.jpg,n04296562
48_018.jpg,n04296562
48_019.jpg,n04296562
48_020.jpg,n04296562
48_021.jpg,n04296562
48_022.jpg,n04296562
48_023.jpg,n04296562
48_024.jpg,n04296562
49_000.jpg,n04389033
49_001.jpg,n04389033
49_002.jpg,n04389033
49_003.jpg,n04389033
49_004.jpg,n04389033
49_005.jpg,n04389033
49_006.jpg,n04389033
49_007.jpg,n04389033
49_008.jpg,n04389033
49_009.jpg,n04389033
49_010.jpg,n04389033
49_011.jpg,n04389033
49_012.jpg,n04389033
49_013.jpg,n04389033
49_014.jpg,n04389033
49_015.jpg,n04389033
49_016.jpg,n04389033
49_017.jpg,n04389033
49_018.jpg,n04389033
49_019.jpg,n04389033
49_020.jpg,n04389033
49_021.jpg,n04389033
49_022.jpg,n04389033
49_023.jpg,n04389033
49_024.jpg,n04389033
50_000.jpg,n04435653
50_001.jpg,n04435653
50_002.jpg,n04435653
50_003.jpg,n04435653
50_004.jpg,n04435653
50_005.jpg,n04435653
50_006.jpg,n04435653
50_007.jpg,n04435653
50_008.jpg,n04435653
50_009.jpg,n04435653
50_010.jpg,n04435653
50_011.jpg,n04435653
50_012.jpg,n04435653
50_013.jpg,n04435653
50_014.jpg,n04435653
50_015.jpg,n04435653
50_016.jpg,n04435653
50_017.jpg,n04435653
50_018.jpg,n04435653
50_019.jpg,n04435653
50_020.jpg,n04435653
50_021.jpg,n04435653
50_022.jpg,n04435653
50_023.jpg,n04435653
50_024.jpg,n04435653
51_000.jpg,n04443257
51_001.jpg,n04443257
51_002.jpg,n04443257
51_003.jpg,n04443257
51_004.jpg,n04443257
51_005.jpg,n04443257
51_006.jpg,n04443257
51_007.jpg,n04443257
51_008.jpg,n04443257
51_009.jpg,n04443257
51_010.jpg,n04443257
51_011.jpg,n04443257
51_012.jpg,n04443257
51_013.jpg,n04443257
51_014.jpg,n04443257
51_015.jpg,n04443257
51_016.jpg,n04443257
51_017.jpg,n04443257
51_018.jpg,n04443257
51_019.jpg,n04443257
51_020.jpg,n04443257
51_021.jpg,n04443257
51_022.jpg,n04443257
51_023.jpg,n04443257
51_024.jpg,n04443257
52_000.jpg,n04509417
52_001.jpg,n04509417
52_002.jpg,n04509417
52_003.jpg,n04509417
52_004.jpg,n04509417
52_005.jpg,n04509417
52_006.jpg,n04509417
52_007.jpg,n04509417
52_008.jpg,n04509417
52_009.jpg,n04509417
52_010.jpg,n04509417
52_011.jpg,n04509417
52_012.jpg,n04509417
52_013.jpg,n04509417
52_014.jpg,n04509417
52_015.jpg,n04509417
52_016.jpg,n04509417
52_017.jpg,n04509417
52_018.jpg,n04509417
52_019.jpg,n04509417
52_020.jpg,n04509417
52_021.jpg,n04509417
52_022.jpg,n04509417
52_023.jpg,n04509417
52_024.jpg,n04509417
53_000.jpg,n04515003
53_001.jpg,n04515003
53_002.jpg,n04515003
53_003.jpg,n04515003
53_004.jpg,n04515003
53_005.jpg,n04515003
53_006.jpg,n04515003
53_007.jpg,n04515003
53_008.jpg,n04515003
53_009.jpg,n04515003
53_010.jpg,n04515003
53_011.jpg,n04515003
53_012.jpg,n04515003
53_013.jpg,n04515003
53_014.jpg,n04515003
53_015.jpg,n04515003
53_016.jpg,n04515003
53_017.jpg,n04515003
53_018.jpg,n04515003
53_019.jpg,n04515003
53_020.jpg,n04515003
53_021.jpg,n04515003
53_022.jpg,n04515003
53_023.jpg,n04515003
53_024.jpg,n04515003
54_000.jpg,n04596742
54_001.jpg,n04596742
54_002.jpg,n04596742
54_003.jpg,n04596742
54_004.jpg,n04596742
54_005.jpg,n04596742
54_006.jpg,n04596742
54_007.jpg,n04596742
54_008.jpg,n04596742
54_009.jpg,n04596742
54_010.jpg,n04596742
54_011.jpg,n04596742
54_012.jpg,n04596742
54_013.jpg,n04596742
54_014.jpg,n04596742
54_015.jpg,n04596742
54_016.jpg,n04596742
54_017.jpg,n04596742
54_018.jpg,n04596742
54_019.jpg,n04596742
54_020.jpg,n04596742
54_021.jpg,n04596742
54_022.jpg,n04596742
54_023.jpg,n04596742
54_024.jpg,n04596742
55_000.jpg,n04604644
55_001.jpg,n04604644
55_002.jpg,n04604644
55_003.jpg,n04604644
55_004.jpg,n04604644
55_005.jpg,n04604644
55_006.jpg,n04604644
55_007.jpg,n04604644
55_008.jpg,n04604644
55_009.jpg,n04604644
55_010.jpg,n04604644
55_011.jpg,n04604644
55_012.jpg,n04604644
55_013.jpg,n04604644
55_014.jpg,n04604644
55_015.jpg,n04604644
55_016.jpg,n04604644
55_017.jpg,n04604644
55_018.jpg,n04604644
55_019.jpg,n04604644
55_020.jpg,n04604644
55_021.jpg,n04604644
55_022.jpg,n04604644
55_023.jpg,n04604644
55_024.jpg,n04604644
56_000.jpg,n04612504
56_001.jpg,n04612504
56_002.jpg,n04612504
56_003.jpg,n04612504
56_004.jpg,n04612504
56_005.jpg,n04612504
56_006.jpg,n04612504
56_007.jpg,n04612504
56_008.jpg,n04612504
56_009.jpg,n04612504
56_010.jpg,n04612504
56_011.jpg,n04612504
56_012.jpg,n04612504
56_013.jpg,n04612504
56_014.jpg,n04612504
56_015.jpg,n04612504
56_016.jpg,n04612504
56_017.jpg,n04612504
56_018.jpg,n04612504
56_019.jpg,n04612504
56_020.jpg,n04612504
56_021.jpg,n04612504
56_022.jpg,n04612504
56_023.jpg,n04612504
56_024.jpg,n04612504
57_000.jpg,n06794110
57_001.jpg,n06794110
57_002.jpg,n06794110
57_003.jpg,n06794110
57_004.jpg,n06794110
57_005.jpg,n06794110
57_006.jpg,n06794110
57_007.jpg,n06794110
57_008.jpg,n06794110
57_009.jpg,n06794110
57_010.jpg,n06794110
57_011.jpg,n06794110
57_012.jpg,n06794110
57_013.jpg,n06794110
57_014.jpg,n06794110
57_015.jpg,n06794110
57_016.jpg,n06794110
57_017.jpg,n06794110
57_018.jpg,n06794110
57_019.jpg,n06794110
57_020.jpg,n06794110
57_021.jpg,n06794110
57_022.jpg,n06794110
57_023.jpg,n06794110
57_024.jpg,n06794110
58_000.jpg,n07584110
58_001.jpg,n07584110
58_002.jpg,n07584110
58_003.jpg,n07584110
58_004.jpg,n07584110
58_005.jpg,n07584110
58_006.jpg,n07584110
58_007.jpg,n07584110
58_008.jpg,n07584110
58_009.jpg,n07584110
58_010.jpg,n07584110
58_011.jpg,n07584110
58_012.jpg,n07584110
58_013.jpg,n07584110
58_014.jpg,n07584110
58_015.jpg,n07584110
58_016.jpg,n07584110
58_017.jpg,n07584110
58_018.jpg,n07584110
58_019.jpg,n07584110
58_020.jpg,n07584110
58_021.jpg,n07584110
58_022.jpg,n07584110
58_023.jpg,n07584110
58_024.jpg,n07584110
59_000.jpg,n07697537
59_001.jpg,n07697537
59_002.jpg,n07697537
59_003.jpg,n07697537
59_004.jpg,n07697537
59_005.jpg,n07697537
59_006.jpg,n07697537
59_007.jpg,n07697537
59_008.jpg,n07697537
59_009.jpg,n07697537
59_010.jpg,n07697537
59_011.jpg,n07697537
59_012.jpg,n07697537
59_013.jpg,n07697537
59_014.jpg,n07697537
59_015.jpg,n07697537
59_016.jpg,n07697537
59_017.jpg,n07697537
59_018.jpg,n07697537
59_019.jpg,n07697537
59_020.jpg,n07697537
59_021.jpg,n07697537
59_022.jpg,n07697537
59_023.jpg,n07697537
59_024.jpg,n07697537
60_000.jpg,n07747607
60_001.jpg,n07747607
60_002.jpg,n07747607
60_003.jpg,n07747607
60_004.jpg,n07747607
60_005.jpg,n07747607
60_006.jpg,n07747607
60_007.jpg,n07747607
60_008.jpg,n07747607
60_009.jpg,n07747607
60_010.jpg,n07747607
60_011.jpg,n07747607
60_012.jpg,n07747607
60_013.jpg,n07747607
60_014.jpg,n07747607
60_015.jpg,n07747607
60_016.jpg,n07747607
60_017.jpg,n07747607
60_018.jpg,n07747607
60_019.jpg,n07747607
60_020.jpg,n07747607
60_021.jpg,n07747607
60_022.jpg,n07747607
60_023.jpg,n07747607
60_024.jpg,n07747607
61_000.jpg,n09246464
61_001.jpg,n09246464
61_002.jpg,n09246464
61_003.jpg,n09246464
61_004.jpg,n09246464
61_005.jpg,n09246464
61_006.jpg,n09246464
61_007.jpg,n09246464
61_008.jpg,n09246464
61_009.jpg,n09246464
61_010.jpg,n09246464
61_011.jpg,n09246464
61_012.jpg,n09246464
61_013.jpg,n09246464
61_014.jpg,n09246464
61_015.jpg,n09246464
61_016.jpg,n09246464
61_017.jpg,n09246464
61_018.jpg,n09246464
61_019.jpg,n09246464
61_020.jpg,n09246464
61_021.jpg,n09246464
61_022.jpg,n09246464
61_023.jpg,n09246464
61_024.jpg,n09246464
62_000.jpg,n13054560
62_001.jpg,n13054560
62_002.jpg,n13054560
62_003.jpg,n13054560
62_004.jpg,n13054560
62_005.jpg,n13054560
62_006.jpg,n13054560
62_007.jpg,n13054560
62_008.jpg,n13054560
62_009.jpg,n13054560
62_010.jpg,n13054560
62_011.jpg,n13054560
62_012.jpg,n13054560
62_013.jpg,n13054560
62_014.jpg,n13054560
62_015.jpg,n13054560
62_016.jpg,n13054560
62_017.jpg,n13054560
62_018.jpg,n13054560
62_019.jpg,n13054560
62_020.jpg,n13054560
62_021.jpg,n13054560
62_022.jpg,n13054560
62_023.jpg,n13054560
62_024.jpg,n13054560
63_000.jpg,n13133613
63_001.jpg,n13133613
63_002.jpg,n13133613
63_003.jpg,n13133613
63_004.jpg,n13133613
63_005.jpg,n13133613
63_006.jpg,n13133613
63_007.jpg,n13133613
63_008.jpg,n13133613
63_009.jpg,n13133613
63_010.jpg,n13133613
63_011.jpg,n13133613
63_012.jpg,n13133613
63_013.jpg,n13133613
63_014.jpg,n13133613
63_015.jpg,n13133613
63_016.jpg,n13133613
63_017.jpg,n13133613
63_018.jpg,n13133613
63_019.jpg,n13133613
63_020.jpg,n13133613
63_021.jpg,n13133613
63_022.jpg,n13133613
63_023.jpg,n13133613
63_024.jpg,n13133613
